{
  "hosting": {
    "public": "client/dist",
    "ignore": [
      "firebase.json",
      "**/.*",
      "**/node_modules/**"
    ],
    "rewrites": [
      {
        "source": "/api/weather",
        "function": "weather"
      },
      {
        "source": "**",
        "destination": "/index.html"
      }
    ],
    "headers": [
      {
        "source": "**/*.@(js|css)",
        "headers": [
          {
            "key": "Cache-Control",
            "value": "max-age=31536000"
          }
        ]
      },
      {
        "source": "**/*.@(jpg|jpeg|gif|png|svg|webp|ico)",
        "headers": [
          {
            "key": "Cache-Control",
            "value": "max-age=31536000"
          }
        ]
      },
      {
        "source": "**/*.@(woff|woff2|ttf|eot)",
        "headers": [
          {
            "key": "Cache-Control",
            "value": "max-age=31536000"
          }
        ]
      }
    ],
    "site": "spandex-salvation-radio-site"
  },
  "functions": [
    {
      "source": "functions",
      "codebase": "default",
      "ignore": [
        "node_modules",
        ".git",
        "firebase-debug.log",
        "firebase-debug.*.log",
        "*.local"
      ]
    }
  ]
}
