{
  "firestore": {
    "rules": "firestore.rules",
    "indexes": "firestore.indexes.json"
  },
  "hosting": {
    "target": "spandex-salvation-radio-site",
    "public": "client/dist",
    "ignore": [
      "firebase.json",
      "**/.*",
      "**/node_modules/**"
    ],
    "rewrites": [
      // Temporarily commenting out Cloud Run integration to test hosting deployment
      // {
      //   "source": "/api/**",
      //   "run": {
      //     "serviceId": "spandex-salvation-radio-site",
      //     "region": "us-central1"
      //   }
      // },
      {
        "source": "**",
        "destination": "/index.html"
      }
    ],
    "redirects": [
      {
        "source": "/wp-includes/**",
        "destination": "/",
        "type": 301
      },
      {
        "source": "/wp-admin/**",
        "destination": "/",
        "type": 301
      },
      {
        "source": "/sito/**",
        "destination": "/",
        "type": 301
      }
    ],
    "headers": [
      {
        "source": "**/*.@(js|css)",
        "headers": [
          {
            "key": "Cache-Control",
            "value": "no-cache, no-store, must-revalidate"
          }
        ]
      },
      {
        "source": "**/*.@(jpg|jpeg|gif|png|svg|webp|ico)",
        "headers": [
          {
            "key": "Cache-Control",
            "value": "max-age=31536000"
          }
        ]
      },
      {
        "source": "**/*.@(woff|woff2|ttf|eot)",
        "headers": [
          {
            "key": "Cache-Control",
            "value": "max-age=31536000"
          }
        ]
      },
      {
        "source": "**",
        "headers": [
          {
            "key": "X-Content-Type-Options",
            "value": "nosniff"
          },
          {
            "key": "X-Frame-Options",
            "value": "DENY"
          },
          {
            "key": "X-XSS-Protection",
            "value": "1; mode=block"
          },
          {
            "key": "Referrer-Policy",
            "value": "strict-origin-when-cross-origin"
          }
        ]
      }
    ],
    "cleanUrls": true,
    "trailingSlash": false
  },
  "functions": [
    {
      "source": "functions",
      "codebase": "default",
      "ignore": [
        "node_modules",
        ".git",
        "firebase-debug.log",
        "firebase-debug.*.log",
        "*.local"
      ]
    }
  ]
}
